ADD_BADGE|/Application|identification_0_zhcvzg0731|01/01/2021|true|
ADD_BADGE|/Application|identification_0_81itrswwqi|01/01/2021|false|
ADD_BADGE|/Application|identification_0_7uuugurtjz|01/01/2021|true|
ADD_BADGE|/Application|identification_0_2ynqdquzin|01/01/2021|true|
ADD_BADGE|/Application|identification_0_gvys9lhrkq|01/01/2021|false|
ADD_BADGE|/Application|identification_0_tjlcrwismy|01/01/2021|false|
ADD_BADGE|/Application|identification_0_dnhhkfg2u4|01/01/2021|true|
ADD_BADGE|/Application|identification_0_j7cqjjie7k|01/01/2021|false|
ADD_BADGE|/Application|identification_0_oqmpghr4n8|01/01/2021|false|
ADD_BADGE|/Application|identification_0_ldxibbehwk|01/01/2021|true|
ADD_BADGE|/Application|identification_0_k7kfzj1f0o|01/01/2021|false|
ADD_BADGE|/Application|identification_0_j05n1ko3zt|01/01/2021|true|
ADD_BADGE|/Application|identification_0_6om21tfrra|01/01/2021|true|
ADD_BADGE|/Application|identification_0_oplv6vh1og|01/01/2021|false|
ADD_BADGE|/Application|identification_0_ny5hh02nuk|01/01/2021|false|
ADD_BADGE|/Application|identification_0_q70qeg1siy|01/01/2021|false|
ADD_BADGE|/Application|identification_0_kfujny8r1r|01/01/2021|false|
ADD_BADGE|/Application|identification_0_uvmmu6nuwk|01/01/2021|true|
ADD_BADGE|/Application|identification_0_szmt87ggm8|01/01/2021|true|
ADD_BADGE|/Application|identification_0_p9tk112y0c|01/01/2021|false|
ADD_BADGE|/Application|identification_0_j9m3xzgya2|01/01/2021|false|
ADD_BADGE|/Application|identification_0_moe2iujn4w|01/01/2021|false|
ADD_BADGE|/Application|identification_0_lkvkiqm9r6|01/01/2021|true|
ADD_BADGE|/Application|identification_0_v3r9k2pqf1|01/01/2021|false|
ADD_BADGE|/Application|identification_0_xgtozqe2jo|01/01/2021|true|
ADD_BADGE|/Application|identification_0_cbzi6zgsmf|01/01/2021|false|
ADD_BADGE|/Application|identification_0_l8zxbeb1y7|01/01/2021|false|
ADD_BADGE|/Application|identification_0_wgmh47lrur|01/01/2021|false|
ADD_BADGE|/Application|identification_0_2z26hvei0m|01/01/2021|false|
ADD_BADGE|/Application|identification_0_m8vgriyis|01/01/2021|true|
ADD_BADGE|/Application|identification_0_4jncop61hq|01/01/2021|false|
ADD_BADGE|/Application|identification_0_349vkj92ip|01/01/2021|true|
ADD_BADGE|/Application|identification_0_e896waecx4|01/01/2021|true|
ADD_BADGE|/Application|identification_0_nw5pbo3dh3|01/01/2021|true|
ADD_BADGE|/Application|identification_0_uroovlsetl|01/01/2021|true|
ADD_BADGE|/Application|identification_0_hm5wqs6o3w|01/01/2021|true|
ADD_BADGE|/Application|identification_0_78tvw1899s|01/01/2021|true|
ADD_BADGE|/Application|identification_0_efbkqartok|01/01/2021|true|
ADD_BADGE|/Application|identification_0_qix65felrl|01/01/2021|true|
ADD_BADGE|/Application|identification_0_5jrr7w3nqe|01/01/2021|true|
ADD_BADGE|/Application|identification_0_6ibd2q4y1d|01/01/2021|true|
ADD_BADGE|/Application|identification_0_ryhqhnpl0c|01/01/2021|true|
ADD_BADGE|/Application|identification_0_tbwom5cjuk|01/01/2021|false|
ADD_BADGE|/Application|identification_0_pjj95xiowa|01/01/2021|false|
ADD_BADGE|/Application|identification_0_magx4twl9p|01/01/2021|false|
ADD_BADGE|/Application|identification_0_nsjpriq3ww|01/01/2021|false|
ADD_BADGE|/Application|identification_0_pobxycixrv|01/01/2021|true|
ADD_BADGE|/Application|identification_0_ne963j76ku|01/01/2021|true|
ADD_BADGE|/Application|identification_0_evp88du19k|01/01/2021|true|
ADD_BADGE|/Application|identification_0_e36miafszv|01/01/2021|true|
ADD_BADGE|/Application|identification_0_zonywy24fi|01/01/2021|true|
ADD_BADGE|/Application|identification_0_5farqvozey|01/01/2021|false|
ADD_BADGE|/Application|identification_0_ad0m2wo98l|01/01/2021|true|
ADD_BADGE|/Application|identification_0_op2b4c7urb|01/01/2021|false|
ADD_BADGE|/Application|identification_0_uvc24ovd5q|01/01/2021|false|
ADD_BADGE|/Application|identification_0_dqtotddc8a|01/01/2021|false|
ADD_BADGE|/Application|identification_0_91ngaj7s8v|01/01/2021|true|
ADD_BADGE|/Application|identification_0_q734xv9sav|01/01/2021|true|
ADD_BADGE|/Application|identification_0_3uqn5hkh5c|01/01/2021|false|
ADD_BADGE|/Application|identification_0_pgw0j31851|01/01/2021|true|
ADD_BADGE|/Application|identification_0_1w6ttglt6a|01/01/2021|true|
ADD_BADGE|/Application|identification_0_vdezciigfe|01/01/2021|false|
ADD_BADGE|/Application|identification_0_3yxt6650is|01/01/2021|false|
ADD_BADGE|/Application|identification_0_ugwrdjt60w|01/01/2021|false|
ADD_BADGE|/Application|identification_0_pxu5g0ealy|01/01/2021|true|
ADD_BADGE|/Application|identification_0_ccl8c7gfdh|01/01/2021|true|
ADD_BADGE|/Application|identification_0_c5z8zf159p|01/01/2021|false|
ADD_BADGE|/Application|identification_0_ymeh74vwjw|01/01/2021|true|
ADD_BADGE|/Application|identification_0_u1ynrr4bst|01/01/2021|true|
ADD_BADGE|/Application|identification_0_7iw1bksah9|01/01/2021|false|
ADD_BADGE|/Application|identification_0_o4v3k995bp|01/01/2021|false|
ADD_BADGE|/Application|identification_0_fa5d3prx05|01/01/2021|false|
ADD_BADGE|/Application|identification_0_txkwyriyzw|01/01/2021|true|
ADD_BADGE|/Application|identification_0_eu9p7t6ab|01/01/2021|false|
ADD_BADGE|/Application|identification_0_k00yu25kkz|01/01/2021|false|
ADD_BADGE|/Application|identification_0_4qz0zejaos|01/01/2021|true|
ADD_BADGE|/Application|identification_0_3ikk6j0uvu|01/01/2021|false|
ADD_BADGE|/Application|identification_0_rhcjagnxb2|01/01/2021|true|
ADD_BADGE|/Application|identification_0_r9ckhtev3p|01/01/2021|true|
ADD_BADGE|/Application|identification_0_fcoezc8s81|01/01/2021|false|
ADD_BADGE|/Application|identification_0_k0shoiun6l|01/01/2021|false|
ADD_BADGE|/Application|identification_0_4z9hriw5c7|01/01/2021|false|
ADD_BADGE|/Application|identification_0_j6fj9p25pl|01/01/2021|false|
ADD_BADGE|/Application|identification_0_mnh5kx52sa|01/01/2021|false|
ADD_BADGE|/Application|identification_0_xgwqgbd6ha|01/01/2021|false|
ADD_BADGE|/Application|identification_0_2503j87szx|01/01/2021|true|
ADD_BADGE|/Application|identification_0_4z9vstj70a|01/01/2021|false|
ADD_BADGE|/Application|identification_0_awvbgr34z6|01/01/2021|true|
ADD_BADGE|/Application|identification_0_tdno8riu69|01/01/2021|true|
ADD_BADGE|/Application|identification_0_wbnd3av0jy|01/01/2021|true|
ADD_BADGE|/Application|identification_0_y8z3kcvtc3|01/01/2021|true|
ADD_BADGE|/Application|identification_0_1bdp79wvn2|01/01/2021|false|
ADD_BADGE|/Application|identification_0_m8jc8k1lnl|01/01/2021|true|
ADD_BADGE|/Application|identification_0_9n0h1h56gu|01/01/2021|false|
ADD_BADGE|/Application|identification_0_eldyt8njk0|01/01/2021|false|
ADD_BADGE|/Application|identification_0_4vlbr62nrr|01/01/2021|true|
ADD_BADGE|/Application|identification_0_d16kw1wc53|01/01/2021|false|
ADD_BADGE|/Application|identification_0_tpchnvclgs|01/01/2021|false|
ADD_BADGE|/Application|identification_0_u2sib39qdg|01/01/2021|true|
ADD_BADGE|/Application|identification_0_zjo79hdpk3|01/01/2021|true|
