ADD_CARDREQUEST|/Application|description_0_r6svp7rvj8|01/01/2021|
ADD_CARDREQUEST|/Application|description_0_ntoy4irxbt|01/01/2021|
ADD_CARDREQUEST|/Application|description_0_e4u8nqunni|01/01/2021|
ADD_CARDREQUEST|/Application|description_0_7137t6mgh1|01/01/2021|
ADD_CARDREQUEST|/Application|description_0_xpv2j5mn8t|01/01/2021|
ADD_CARDREQUEST|/Application|description_0_j484srlq95|01/01/2021|
ADD_CARDREQUEST|/Application|description_0_gcnk54oat7|01/01/2021|
ADD_CARDREQUEST|/Application|description_0_qe6xtslgkk|01/01/2021|
ADD_CARDREQUEST|/Application|description_0_y351nf1fnv|01/01/2021|
ADD_CARDREQUEST|/Application|description_0_odtliipgtb|01/01/2021|
ADD_CARDREQUEST|/Application|description_0_2vu97uhn11|01/01/2021|
ADD_CARDREQUEST|/Application|description_0_cs6cznsgz2|01/01/2021|
ADD_CARDREQUEST|/Application|description_0_yvke2cqdt3|01/01/2021|
ADD_CARDREQUEST|/Application|description_0_mphcutbmdt|01/01/2021|
ADD_CARDREQUEST|/Application|description_0_oecdc6atqw|01/01/2021|
ADD_CARDREQUEST|/Application|description_0_mdckrwbzxc|01/01/2021|
ADD_CARDREQUEST|/Application|description_0_s3jrzydglr|01/01/2021|
ADD_CARDREQUEST|/Application|description_0_enze9x0f5|01/01/2021|
ADD_CARDREQUEST|/Application|description_0_43rt84ekpm|01/01/2021|
ADD_CARDREQUEST|/Application|description_0_k6z8pf7pwy|01/01/2021|
ADD_CARDREQUEST|/Application|description_0_52s3hui32a|01/01/2021|
ADD_CARDREQUEST|/Application|description_0_q5wdnojng6|01/01/2021|
ADD_CARDREQUEST|/Application|description_0_9vewdd3e5l|01/01/2021|
ADD_CARDREQUEST|/Application|description_0_eo91yr79tf|01/01/2021|
ADD_CARDREQUEST|/Application|description_0_yuaa29o50q|01/01/2021|
ADD_CARDREQUEST|/Application|description_0_6xd9rzth6o|01/01/2021|
ADD_CARDREQUEST|/Application|description_0_3h727exd5r|01/01/2021|
ADD_CARDREQUEST|/Application|description_0_pbnxysbb9t|01/01/2021|
ADD_CARDREQUEST|/Application|description_0_feb370fxbn|01/01/2021|
ADD_CARDREQUEST|/Application|description_0_jsczpcu82z|01/01/2021|
ADD_CARDREQUEST|/Application|description_0_ux7vzq0qzc|01/01/2021|
ADD_CARDREQUEST|/Application|description_0_h1mg59he64|01/01/2021|
ADD_CARDREQUEST|/Application|description_0_81zde9kq7r|01/01/2021|
ADD_CARDREQUEST|/Application|description_0_7r1k3qoe71|01/01/2021|
ADD_CARDREQUEST|/Application|description_0_j5n2hwkjyc|01/01/2021|
ADD_CARDREQUEST|/Application|description_0_ylaz69yt9g|01/01/2021|
ADD_CARDREQUEST|/Application|description_0_5b10u15amq|01/01/2021|
ADD_CARDREQUEST|/Application|description_0_eb8jzxivaa|01/01/2021|
ADD_CARDREQUEST|/Application|description_0_c7pt3twgua|01/01/2021|
ADD_CARDREQUEST|/Application|description_0_72ltu0ctas|01/01/2021|
ADD_CARDREQUEST|/Application|description_0_r8g6sq6tag|01/01/2021|
ADD_CARDREQUEST|/Application|description_0_9k946z9a44|01/01/2021|
ADD_CARDREQUEST|/Application|description_0_zj5ng67a4i|01/01/2021|
ADD_CARDREQUEST|/Application|description_0_78r1orzkl5|01/01/2021|
ADD_CARDREQUEST|/Application|description_0_p3s28twb68|01/01/2021|
ADD_CARDREQUEST|/Application|description_0_92cxh3ghhr|01/01/2021|
ADD_CARDREQUEST|/Application|description_0_whpiswy75g|01/01/2021|
ADD_CARDREQUEST|/Application|description_0_mnlcolbnh2|01/01/2021|
ADD_CARDREQUEST|/Application|description_0_fbpztt4sar|01/01/2021|
ADD_CARDREQUEST|/Application|description_0_677oxlnlz7|01/01/2021|
ADD_CARDREQUEST|/Application|description_0_d6g5ve18u9|01/01/2021|
ADD_CARDREQUEST|/Application|description_0_3ia29brojd|01/01/2021|
ADD_CARDREQUEST|/Application|description_0_b2iwbzbe65|01/01/2021|
ADD_CARDREQUEST|/Application|description_0_vltyxdysyh|01/01/2021|
ADD_CARDREQUEST|/Application|description_0_2o0mt93ij7|01/01/2021|
ADD_CARDREQUEST|/Application|description_0_1ddvxwjc3t|01/01/2021|
ADD_CARDREQUEST|/Application|description_0_blxl0lfm84|01/01/2021|
ADD_CARDREQUEST|/Application|description_0_wnu50kghrq|01/01/2021|
ADD_CARDREQUEST|/Application|description_0_tlys6t05m8|01/01/2021|
ADD_CARDREQUEST|/Application|description_0_q1fki84i1e|01/01/2021|
ADD_CARDREQUEST|/Application|description_0_vwawgsk538|01/01/2021|
ADD_CARDREQUEST|/Application|description_0_wqf9e3drda|01/01/2021|
ADD_CARDREQUEST|/Application|description_0_7u233morej|01/01/2021|
ADD_CARDREQUEST|/Application|description_0_lp76qmdjdh|01/01/2021|
ADD_CARDREQUEST|/Application|description_0_z68wzkcveh|01/01/2021|
ADD_CARDREQUEST|/Application|description_0_qic940az23|01/01/2021|
ADD_CARDREQUEST|/Application|description_0_jg3532zhqo|01/01/2021|
ADD_CARDREQUEST|/Application|description_0_qy1a9ooofi|01/01/2021|
ADD_CARDREQUEST|/Application|description_0_4t7s0uxz0s|01/01/2021|
ADD_CARDREQUEST|/Application|description_0_c3uvkjofue|01/01/2021|
ADD_CARDREQUEST|/Application|description_0_72shems9ag|01/01/2021|
ADD_CARDREQUEST|/Application|description_0_hi6pier16a|01/01/2021|
ADD_CARDREQUEST|/Application|description_0_j6vc7c1n8v|01/01/2021|
ADD_CARDREQUEST|/Application|description_0_yezwm9e4ck|01/01/2021|
ADD_CARDREQUEST|/Application|description_0_tdji9nz3au|01/01/2021|
ADD_CARDREQUEST|/Application|description_0_huj1ju9ppm|01/01/2021|
ADD_CARDREQUEST|/Application|description_0_39sxn6y8di|01/01/2021|
ADD_CARDREQUEST|/Application|description_0_mlhdv86cuw|01/01/2021|
ADD_CARDREQUEST|/Application|description_0_7fzoaynmiy|01/01/2021|
ADD_CARDREQUEST|/Application|description_0_ppp37wcigl|01/01/2021|
ADD_CARDREQUEST|/Application|description_0_a6m9y6q9lm|01/01/2021|
ADD_CARDREQUEST|/Application|description_0_uymt7tlmhj|01/01/2021|
ADD_CARDREQUEST|/Application|description_0_yizkfrhq6q|01/01/2021|
ADD_CARDREQUEST|/Application|description_0_qqiv74wket|01/01/2021|
ADD_CARDREQUEST|/Application|description_0_guyhhy26rk|01/01/2021|
ADD_CARDREQUEST|/Application|description_0_riv42q77gd|01/01/2021|
ADD_CARDREQUEST|/Application|description_0_3uns74j48d|01/01/2021|
ADD_CARDREQUEST|/Application|description_0_enic9wh7s6|01/01/2021|
ADD_CARDREQUEST|/Application|description_0_ajqyufxoi0|01/01/2021|
ADD_CARDREQUEST|/Application|description_0_ufotruilng|01/01/2021|
ADD_CARDREQUEST|/Application|description_0_4qd8kdnga1|01/01/2021|
ADD_CARDREQUEST|/Application|description_0_l8dfg62rht|01/01/2021|
ADD_CARDREQUEST|/Application|description_0_xeuqmy9fh1|01/01/2021|
ADD_CARDREQUEST|/Application|description_0_4llvx9m9jr|01/01/2021|
ADD_CARDREQUEST|/Application|description_0_waod9bh62t|01/01/2021|
ADD_CARDREQUEST|/Application|description_0_wks8ngl9q1|01/01/2021|
ADD_CARDREQUEST|/Application|description_0_7edx0a5qeo|01/01/2021|
ADD_CARDREQUEST|/Application|description_0_9hddcnomrr|01/01/2021|
ADD_CARDREQUEST|/Application|description_0_4b1cw2xjg4|01/01/2021|
ADD_CARDREQUEST|/Application|description_0_vm2v72efwz|01/01/2021|
