ADD_POINTER|/Application|name_0_5f4lhgghat|description_1_iamws5c2mi|identifier_2_rfygn3j9sp|location_3_2ueeohuuly|
ADD_POINTER|/Application|name_0_2vnshe9rgk|description_1_su0a9fmd35|identifier_2_ey31pc5bse|location_3_lr17j4s53a|
ADD_POINTER|/Application|name_0_drp7w78x6z|description_1_i51mdgjo7m|identifier_2_ks0dum5cw9|location_3_e0274oudy7|
ADD_POINTER|/Application|name_0_qmhjehut2j|description_1_qqs3we0zq9|identifier_2_wflto0nxyo|location_3_se1tnqni4j|
ADD_POINTER|/Application|name_0_mubk9kjio8|description_1_rczearkpok|identifier_2_67hglis1wz|location_3_f92bxr0cnv|
ADD_POINTER|/Application|name_0_m6e9ry9otq|description_1_rsmtgvpto7|identifier_2_7bk6vt3kji|location_3_aioy4cg47f|
ADD_POINTER|/Application|name_0_nduy77b27t|description_1_ah5nasmt8e|identifier_2_5oie0xu2vo|location_3_t0spcb3twn|
ADD_POINTER|/Application|name_0_5v8gruk3c0|description_1_ln55ra4m2h|identifier_2_ugylytnww8|location_3_z9px6a3qo7|
ADD_POINTER|/Application|name_0_f9itcy0unh|description_1_7rna5q22bv|identifier_2_3njpt4tkjl|location_3_pk70snf8ca|
ADD_POINTER|/Application|name_0_r3c763reyj|description_1_8s4qc92f3z|identifier_2_qz4h9i70yx|location_3_mheyvdborn|
ADD_POINTER|/Application|name_0_1q8mczl29k|description_1_qye2burq3w|identifier_2_o9udd2xefz|location_3_hih6eolxuv|
ADD_POINTER|/Application|name_0_2cd5jwbagh|description_1_a9zjj3bvue|identifier_2_dsrygzql3j|location_3_kxswmir4h2|
ADD_POINTER|/Application|name_0_cb9fbxev1m|description_1_lro4p14hi0|identifier_2_fz912k883y|location_3_ijtq8550qj|
ADD_POINTER|/Application|name_0_2e8mv6lj3m|description_1_na0ri9koje|identifier_2_1sayg261ba|location_3_2z3vldyldc|
ADD_POINTER|/Application|name_0_ffv7oyjpmb|description_1_s6ybimpm8b|identifier_2_gheihmsm0z|location_3_flwkyoq4xe|
ADD_POINTER|/Application|name_0_fhty1vfkt6|description_1_a3n4aiiiap|identifier_2_1bp7q3xapy|location_3_v4hesw4194|
ADD_POINTER|/Application|name_0_v7eu4i7lk2|description_1_4mla8dtv2b|identifier_2_o3llqpv9be|location_3_nmrso5jctq|
ADD_POINTER|/Application|name_0_ylb8j2ywp4|description_1_ktfyj81dqw|identifier_2_4oh4rfvv6w|location_3_wzx56bu4dx|
ADD_POINTER|/Application|name_0_qpcuhistdd|description_1_yl4heggc1h|identifier_2_xffrb7jafj|location_3_yv2vzzj64k|
ADD_POINTER|/Application|name_0_wbd2py8hnq|description_1_s9ocz3gkt6|identifier_2_g8iylfjar0|location_3_hx7m6wgiqp|
ADD_POINTER|/Application|name_0_vtq2omat91|description_1_41ycbu1xq1|identifier_2_1l1yl7csy4|location_3_595imqajyb|
ADD_POINTER|/Application|name_0_otn2jeja25|description_1_mqzegbk7uy|identifier_2_3yo5nhqvcu|location_3_z1gjgitahp|
ADD_POINTER|/Application|name_0_7rhu9p7rll|description_1_bf451gam4g|identifier_2_3u2ch20uz4|location_3_bm26x5hlk3|
ADD_POINTER|/Application|name_0_ypdh2zuvvi|description_1_yp3vm0b5hj|identifier_2_hrtwj3gsbv|location_3_h4mpacswdu|
ADD_POINTER|/Application|name_0_kexu6ap02u|description_1_cksimigvgy|identifier_2_j8iko2ohj2|location_3_t5c01ag0t7|
ADD_POINTER|/Application|name_0_ylda80onsv|description_1_py2fh4s0vd|identifier_2_1acv93kiei|location_3_1uhrzc366k|
ADD_POINTER|/Application|name_0_tw6eej828e|description_1_se0lorqynm|identifier_2_g47qmto7dw|location_3_2ypz99xf9h|
ADD_POINTER|/Application|name_0_haga0qv395|description_1_2xbj6l1p2b|identifier_2_lanhr2reet|location_3_3triy5ru0x|
ADD_POINTER|/Application|name_0_l1mhnzhl25|description_1_6x6jjw1km3|identifier_2_f86qhayk8d|location_3_1alfuu3q5h|
ADD_POINTER|/Application|name_0_q5tt2fb2ck|description_1_2o3oqb0r0t|identifier_2_lufrr5kipw|location_3_s130ehakht|
ADD_POINTER|/Application|name_0_5qkazp24tt|description_1_gbzowagpng|identifier_2_vx0w84qsg7|location_3_zukdy0x4zk|
ADD_POINTER|/Application|name_0_rhnmqf9vmi|description_1_wywvjm1vag|identifier_2_4vkedx2t0h|location_3_dv30rg5xdz|
ADD_POINTER|/Application|name_0_1zpuhv7aia|description_1_iyimzt4tvm|identifier_2_38c95xwpgn|location_3_u62alo0ua8|
ADD_POINTER|/Application|name_0_4aif53y0zf|description_1_y868r6onl1|identifier_2_x9wndbi19s|location_3_jdvtwdjtaj|
ADD_POINTER|/Application|name_0_5qn18el4zk|description_1_pqdrcy5gpx|identifier_2_4mutx9803e|location_3_43mi7iejm3|
ADD_POINTER|/Application|name_0_zgjj2x9fg0|description_1_tq99w1j98p|identifier_2_i4g04j3j3p|location_3_h8dgw0uh4c|
ADD_POINTER|/Application|name_0_h52k9xxi7f|description_1_d0vdnxh4z8|identifier_2_d2j92ncyta|location_3_hx320xv07a|
ADD_POINTER|/Application|name_0_h62wk4zwdx|description_1_gh5k1ytato|identifier_2_ahfq53wxbt|location_3_aa8va0xsrf|
ADD_POINTER|/Application|name_0_j4fnzff8r4|description_1_3wutwdhot5|identifier_2_eubpq05r67|location_3_7ppzidlm5n|
ADD_POINTER|/Application|name_0_sxb4ba4ouf|description_1_908xdedtmc|identifier_2_tqqubpc0tq|location_3_15lua9gatf|
ADD_POINTER|/Application|name_0_vp1yi6i76g|description_1_8fas4ifclq|identifier_2_j2d98q6gux|location_3_q59010wvnn|
ADD_POINTER|/Application|name_0_6kjcvq8gil|description_1_szldn243ka|identifier_2_qfpysfvnil|location_3_6gvo1hxzif|
ADD_POINTER|/Application|name_0_yd6ntt3kx6|description_1_rsejbba55j|identifier_2_9e5m6s86ts|location_3_51beng7qt3|
ADD_POINTER|/Application|name_0_iwghqu85bg|description_1_3nxpnpraie|identifier_2_2aqqkek28b|location_3_fml3u6c5oq|
ADD_POINTER|/Application|name_0_wzhk7cvcc|description_1_nsabgy42pd|identifier_2_mfltgy20jt|location_3_2i01ksosfw|
ADD_POINTER|/Application|name_0_60ixjr02rq|description_1_wmm5p38wdb|identifier_2_2n18fiougu|location_3_c0r4no932i|
ADD_POINTER|/Application|name_0_7ov68hq1oy|description_1_nb8w2zcwgr|identifier_2_6s3ue46557|location_3_fach75y838|
ADD_POINTER|/Application|name_0_ifv37bdg19|description_1_hdhw7v7r79|identifier_2_7agilolp8x|location_3_4rocl7mpu9|
ADD_POINTER|/Application|name_0_3dgk23rw79|description_1_wddbb8hml5|identifier_2_o8n2df2zj0|location_3_uvxzitrc3t|
ADD_POINTER|/Application|name_0_358lwydg7a|description_1_1iib7h16a3|identifier_2_yzqaeuxfbm|location_3_uqw7cc31lp|
ADD_POINTER|/Application|name_0_rd1hyynnxa|description_1_fj8jq84aqb|identifier_2_zx44opuxe4|location_3_e07bkx8xlm|
ADD_POINTER|/Application|name_0_36myfgixwi|description_1_nxwbkb2tof|identifier_2_vaa60dzcpm|location_3_2l406wp89w|
ADD_POINTER|/Application|name_0_2etbaqo6w2|description_1_p2sbgf4zad|identifier_2_pkmc4dtfcu|location_3_8g4nj55xgo|
ADD_POINTER|/Application|name_0_pc568bv0zq|description_1_203tkuo7h6|identifier_2_ksewbj7jkb|location_3_5y1l27lzax|
ADD_POINTER|/Application|name_0_3qzrje9glp|description_1_fh8w55t4lg|identifier_2_ufzx7fv5qz|location_3_fof6uu3nm8|
ADD_POINTER|/Application|name_0_5pqhgtv59f|description_1_wbm5hm9fqo|identifier_2_j2b4h1dirz|location_3_tdy1i6fzmr|
ADD_POINTER|/Application|name_0_ua02nz8lj0|description_1_8t30eabij1|identifier_2_bmqycbtx06|location_3_xiu8bmcogx|
ADD_POINTER|/Application|name_0_btwa6whxz0|description_1_aqma503a5k|identifier_2_41yes01dp1|location_3_fr1qz5azuc|
ADD_POINTER|/Application|name_0_51w780y3vg|description_1_nitgntho67|identifier_2_zf10p6tdhc|location_3_fdc7d8jvmi|
ADD_POINTER|/Application|name_0_11ku65gk18|description_1_b2n47k3a94|identifier_2_rb3eub7fui|location_3_xqjioxd50z|
ADD_POINTER|/Application|name_0_avp9jnlhx4|description_1_ebtp190jp7|identifier_2_rs6ypzzqee|location_3_aar660xd6d|
ADD_POINTER|/Application|name_0_j3repa4xzi|description_1_1uhq73sd0g|identifier_2_6f2g58zg6y|location_3_quoepug66u|
ADD_POINTER|/Application|name_0_22b1uy6v6c|description_1_3ycsttsce5|identifier_2_wcixvxv79p|location_3_t259hks8q|
ADD_POINTER|/Application|name_0_95jvrorlmb|description_1_h0aucucg41|identifier_2_a7nsw7q02j|location_3_35k5v527p3|
ADD_POINTER|/Application|name_0_n4c7l20bcp|description_1_e418xkg6vy|identifier_2_jxm24ar4x0|location_3_jr9vsxoa2s|
ADD_POINTER|/Application|name_0_g8d0dh82n4|description_1_8drkwqjaqn|identifier_2_1b8nf13594|location_3_y0176ngshv|
ADD_POINTER|/Application|name_0_zilhg9vz3u|description_1_yctwjyncdn|identifier_2_r8pmj5gbnt|location_3_ek8vja14yi|
ADD_POINTER|/Application|name_0_m14u7did7p|description_1_gkl0o50ve8|identifier_2_lwk3cn8bql|location_3_3b3ljedhe3|
ADD_POINTER|/Application|name_0_uqbth23fpp|description_1_q3m5meh446|identifier_2_y8z5su68d4|location_3_deip7720b2|
ADD_POINTER|/Application|name_0_bqy4t81ses|description_1_2epelh7phw|identifier_2_zhco0lcmgt|location_3_ye7odl57fa|
ADD_POINTER|/Application|name_0_24mah3fgyf|description_1_z12j0scv78|identifier_2_l8zm9sazfi|location_3_c3l8wwye8h|
ADD_POINTER|/Application|name_0_faf3m4pnr4|description_1_8sdh9qf3f1|identifier_2_zer736t1ad|location_3_9zijazptwr|
ADD_POINTER|/Application|name_0_jsj27e3qjm|description_1_jpdvj2ugfq|identifier_2_53otcvfxw9|location_3_59b64mcbbd|
ADD_POINTER|/Application|name_0_6r2jeum3ro|description_1_jix0eg5m4w|identifier_2_3nq96myypr|location_3_bsq3mnvtj5|
ADD_POINTER|/Application|name_0_iz30lgwcad|description_1_gngnr1h44z|identifier_2_kpplxaq3q7|location_3_j3wj4334eh|
ADD_POINTER|/Application|name_0_wi77qazt2n|description_1_7yvfzs1d6c|identifier_2_zrnz2t7cp8|location_3_72y6415p5l|
ADD_POINTER|/Application|name_0_sd55vqcn48|description_1_kdh5cqa4zk|identifier_2_zbayqnqb4g|location_3_ipo8bv4viu|
ADD_POINTER|/Application|name_0_wuz3cw389|description_1_r8ap62xd1p|identifier_2_pxyc1hbngo|location_3_1z4hieye8a|
ADD_POINTER|/Application|name_0_9yxuscch2q|description_1_nwfyfr2wwu|identifier_2_jst27qviem|location_3_ub3iroqnqn|
ADD_POINTER|/Application|name_0_bryjd1rdgr|description_1_31remsz5w3|identifier_2_91zkef23tw|location_3_16166lh1x9|
ADD_POINTER|/Application|name_0_fzixv18vsc|description_1_5v7n6s2j5z|identifier_2_pzxrcvy87b|location_3_ufxl49bbm9|
ADD_POINTER|/Application|name_0_qtif3nacnq|description_1_6jrrflqt4v|identifier_2_7llj1bz0hb|location_3_e7razh93d7|
ADD_POINTER|/Application|name_0_1sn8idmn7k|description_1_n9veljmelj|identifier_2_t9p142csre|location_3_y0exhww7of|
ADD_POINTER|/Application|name_0_s8wts4yhfj|description_1_v0j1kokji1|identifier_2_r54z1l3403|location_3_tqo8ajg8ba|
ADD_POINTER|/Application|name_0_rsmxn70wqz|description_1_i5g9284qya|identifier_2_3lssl2lmel|location_3_ksx3fcxfer|
ADD_POINTER|/Application|name_0_qft4g2side|description_1_8sps5biii4|identifier_2_yqppeh9tnz|location_3_q0wym08v3r|
ADD_POINTER|/Application|name_0_q9458op1gh|description_1_cs8bkzlx23|identifier_2_87utx8utm8|location_3_zjdrcw9ty6|
ADD_POINTER|/Application|name_0_xe11jj595g|description_1_tl29m9hzmv|identifier_2_73k1nwokon|location_3_eufza95lj0|
ADD_POINTER|/Application|name_0_564lqsw1vo|description_1_sud2sxen6x|identifier_2_c9ogugomau|location_3_h8uuoblkdw|
ADD_POINTER|/Application|name_0_lzyhyqyk2|description_1_1jc9v14u5g|identifier_2_vluyhuj1dp|location_3_6rueaq3m75|
ADD_POINTER|/Application|name_0_o6n29004h7|description_1_d0h00c4hv5|identifier_2_4jioomfn22|location_3_ilewkfq0lc|
ADD_POINTER|/Application|name_0_ffguce8lps|description_1_fy410tknl9|identifier_2_9a59rnjgei|location_3_l0cy35qsbf|
ADD_POINTER|/Application|name_0_c0n7di5szc|description_1_f4s507ujn|identifier_2_j3c5ri6vnh|location_3_5jfydgucfj|
ADD_POINTER|/Application|name_0_sshbs8hxvn|description_1_squj4ysmxn|identifier_2_m11kr8t7d8|location_3_i0jrvtxdq0|
ADD_POINTER|/Application|name_0_3olfjz9h12|description_1_pkggmwljo5|identifier_2_v3r0bma1d0|location_3_slfqwizsxd|
ADD_POINTER|/Application|name_0_ajfdfzko61|description_1_axkkbndq90|identifier_2_aq06wlotmx|location_3_5mcs3p6soa|
ADD_POINTER|/Application|name_0_5kw0r3hkwk|description_1_gx572rgguq|identifier_2_c4z7ntta26|location_3_l87dzk8hdi|
ADD_POINTER|/Application|name_0_2e61ufalki|description_1_xa1zzjdqte|identifier_2_pskunl64xy|location_3_wj5y4za6mw|
ADD_POINTER|/Application|name_0_766x86wxa7|description_1_nas4knol35|identifier_2_7cqu8jm8n9|location_3_22u1pld61|
ADD_POINTER|/Application|name_0_iv8shd7c8m|description_1_jn32x1xtwd|identifier_2_5tfb5ytwf8|location_3_le1sz7h0zo|
