ADD_RESOURCEACCESS|/Application|name_0_6ens8snllt|location_1_lbzp82gu9l|description_2_llrbsp1rl2|
ADD_RESOURCEACCESS|/Application|name_0_wz8haja4zu|location_1_6v92fofviu|description_2_bqpm6xdxey|
ADD_RESOURCEACCESS|/Application|name_0_uknd7qi5yz|location_1_c4xftc5bve|description_2_yl9do768vv|
ADD_RESOURCEACCESS|/Application|name_0_g9ccyv1aen|location_1_ljrrvfyiif|description_2_isyckq68w4|
ADD_RESOURCEACCESS|/Application|name_0_fzbwsikwey|location_1_xuqqv2l5j1|description_2_j1y1zx7kuo|
ADD_RESOURCEACCESS|/Application|name_0_qgbieruvd8|location_1_m41aajky6p|description_2_jgr2oqixeh|
ADD_RESOURCEACCESS|/Application|name_0_x72secj0u0|location_1_2aso6rc6rp|description_2_imq6d92pdk|
ADD_RESOURCEACCESS|/Application|name_0_9jh2uhe78g|location_1_w5gwhdj4ts|description_2_3uyq6bxawk|
ADD_RESOURCEACCESS|/Application|name_0_kkij44m34f|location_1_w6fa3o5w1l|description_2_l3tdpnxuew|
ADD_RESOURCEACCESS|/Application|name_0_aynilywstw|location_1_psf36seiyu|description_2_w6pn3wqiky|
ADD_RESOURCEACCESS|/Application|name_0_ha9jq08r5o|location_1_u25z0lv90k|description_2_9ja246lfx7|
ADD_RESOURCEACCESS|/Application|name_0_xr5wpsv7r3|location_1_hew6u3eec1|description_2_iystmhrvqy|
ADD_RESOURCEACCESS|/Application|name_0_27cq3dw8zr|location_1_yt3ehop5sn|description_2_zi28t27wn9|
ADD_RESOURCEACCESS|/Application|name_0_w4z2av98q|location_1_m8ssebkujh|description_2_z2zvjxyijl|
ADD_RESOURCEACCESS|/Application|name_0_4p4nh1ynsj|location_1_wd2xo2fqef|description_2_a85un0d6wf|
ADD_RESOURCEACCESS|/Application|name_0_9asxvofddu|location_1_p3l5x7qdf2|description_2_ink2ohkf76|
ADD_RESOURCEACCESS|/Application|name_0_2b5xyczjmg|location_1_fqqnkbjf06|description_2_djda8up1b|
ADD_RESOURCEACCESS|/Application|name_0_gjr3o2ggab|location_1_929ial0n1t|description_2_xarupjb6uf|
ADD_RESOURCEACCESS|/Application|name_0_gi4v3w1gab|location_1_tg7wog53yq|description_2_snehb0sjf6|
ADD_RESOURCEACCESS|/Application|name_0_y6ddi48aik|location_1_lzihs9rpim|description_2_nxqm8xlfwt|
ADD_RESOURCEACCESS|/Application|name_0_kjgu8vit4l|location_1_aqkkwzgq1u|description_2_z0eiwnwupw|
ADD_RESOURCEACCESS|/Application|name_0_h2fpjdnk8m|location_1_fsrpp3668c|description_2_8jsbdqw58k|
ADD_RESOURCEACCESS|/Application|name_0_g849nz7lly|location_1_1wj7gp8j3q|description_2_tu0ryh0t08|
ADD_RESOURCEACCESS|/Application|name_0_qf2d5ekbwh|location_1_gto2nf4cs7|description_2_w3ks5y00lh|
ADD_RESOURCEACCESS|/Application|name_0_7oturgahi8|location_1_66qc7e6pti|description_2_qnqgbp43z7|
ADD_RESOURCEACCESS|/Application|name_0_ikh6d9gy3x|location_1_4bdipb0xlc|description_2_c9ac1h1s3t|
ADD_RESOURCEACCESS|/Application|name_0_c4f0njzsfe|location_1_do68eeoi2t|description_2_8vfuwy800n|
ADD_RESOURCEACCESS|/Application|name_0_o91rq1p6fz|location_1_81qne888h5|description_2_sokabx8ro0|
ADD_RESOURCEACCESS|/Application|name_0_7gesyquu1y|location_1_yxjlh1eczo|description_2_vr1ewqkzso|
ADD_RESOURCEACCESS|/Application|name_0_2yx4rblblx|location_1_d4ed8ddvud|description_2_j9pkkfq1g9|
ADD_RESOURCEACCESS|/Application|name_0_d95ksczxwm|location_1_28697opwuq|description_2_ytgoaa7rk4|
ADD_RESOURCEACCESS|/Application|name_0_3o0ubf5oa7|location_1_wbojsrk345|description_2_hc43ivq84j|
ADD_RESOURCEACCESS|/Application|name_0_zr1vjv9z7o|location_1_mksqlre99u|description_2_p8wave9mfu|
ADD_RESOURCEACCESS|/Application|name_0_56eikrlzrx|location_1_4yvzx7wj1u|description_2_6to9y89vtt|
ADD_RESOURCEACCESS|/Application|name_0_2mtfrhsrup|location_1_3x7de170t0|description_2_4o0ayzgdf2|
ADD_RESOURCEACCESS|/Application|name_0_ivu06dyva6|location_1_dzj0y6s6z4|description_2_phqhosl3az|
ADD_RESOURCEACCESS|/Application|name_0_a1xokxyks1|location_1_8vvo1x6364|description_2_j1ehf3y9en|
ADD_RESOURCEACCESS|/Application|name_0_9dmorbd79v|location_1_la7nebz76a|description_2_anxrlwoyp9|
ADD_RESOURCEACCESS|/Application|name_0_wk8doid1ev|location_1_psu12vzvpe|description_2_epuz8vgwx9|
ADD_RESOURCEACCESS|/Application|name_0_uoomxu0wgt|location_1_vwbn85tpno|description_2_mxjdueovhu|
ADD_RESOURCEACCESS|/Application|name_0_add6hwgf28|location_1_tddpfq7v5q|description_2_y7ue7q2oas|
ADD_RESOURCEACCESS|/Application|name_0_rlav4i12j7|location_1_5kj1w5boxd|description_2_ur56jz5zkg|
ADD_RESOURCEACCESS|/Application|name_0_vqfym3owq0|location_1_wr0krfmsbs|description_2_pmacvmxb8e|
ADD_RESOURCEACCESS|/Application|name_0_3niienab5o|location_1_oeof7n7e46|description_2_h8dg1xdion|
ADD_RESOURCEACCESS|/Application|name_0_gdfs7tmgkw|location_1_snfqacg8g|description_2_ilbzg5n4xe|
ADD_RESOURCEACCESS|/Application|name_0_3im4bmusb6|location_1_9857imxetc|description_2_mh880pjph4|
ADD_RESOURCEACCESS|/Application|name_0_7o6to67zzv|location_1_tqmpr3yuaw|description_2_co6jnocq3e|
ADD_RESOURCEACCESS|/Application|name_0_jb4jp2pziq|location_1_8qzv93s4yq|description_2_1z6a8kfs8z|
ADD_RESOURCEACCESS|/Application|name_0_o50m2rlfpg|location_1_1djkne890d|description_2_26ud2q5w59|
ADD_RESOURCEACCESS|/Application|name_0_h8psekv729|location_1_bytweyi3x4|description_2_brnbz1yxdd|
ADD_RESOURCEACCESS|/Application|name_0_p8u5zjtfyj|location_1_n5kg3ncusg|description_2_bs3gww1k89|
ADD_RESOURCEACCESS|/Application|name_0_luhbmvxcq2|location_1_c8nft5u86m|description_2_579jcaj9dc|
ADD_RESOURCEACCESS|/Application|name_0_obfcryvxx7|location_1_ncgtocyet0|description_2_30kv5way03|
ADD_RESOURCEACCESS|/Application|name_0_rfo2k0ygji|location_1_xlz64ovsml|description_2_a2g7m81olj|
ADD_RESOURCEACCESS|/Application|name_0_yhg49p4o2n|location_1_e0o661wd5k|description_2_tozzj3xage|
ADD_RESOURCEACCESS|/Application|name_0_x3fkrvccjz|location_1_xoq3ost9rm|description_2_pkt4oh3wjj|
ADD_RESOURCEACCESS|/Application|name_0_fdqspbnwln|location_1_i279olouvh|description_2_pariy0e62m|
ADD_RESOURCEACCESS|/Application|name_0_nznqm2wf8t|location_1_cl8jdu46bh|description_2_2asnr7o5vh|
ADD_RESOURCEACCESS|/Application|name_0_ey26vpm671|location_1_edf4kpow6a|description_2_dbggwc79wp|
ADD_RESOURCEACCESS|/Application|name_0_ena4q7hk4o|location_1_6az4ux57bw|description_2_gey4citfkn|
ADD_RESOURCEACCESS|/Application|name_0_w9yzx6qw0y|location_1_qwffzwpcka|description_2_i0lffxqp1r|
ADD_RESOURCEACCESS|/Application|name_0_vsb3ldld44|location_1_qalqq5r5dz|description_2_f9nxwnn44d|
ADD_RESOURCEACCESS|/Application|name_0_46dfnn2tta|location_1_if81nqzr6i|description_2_16z182ikgh|
ADD_RESOURCEACCESS|/Application|name_0_jolwx26zvs|location_1_xriw7jbsco|description_2_httg30zh76|
ADD_RESOURCEACCESS|/Application|name_0_9l4ziorwxb|location_1_sgxro561r|description_2_r6ci68rq2x|
ADD_RESOURCEACCESS|/Application|name_0_ikoxjbcgjc|location_1_ll1ayvgjp6|description_2_rp7k0gv6q6|
ADD_RESOURCEACCESS|/Application|name_0_zwocfhiu1t|location_1_1y6x5ydqfk|description_2_zgd07mwomc|
ADD_RESOURCEACCESS|/Application|name_0_pcgcavsjsp|location_1_t1i2303bsv|description_2_aha844s0vl|
ADD_RESOURCEACCESS|/Application|name_0_1ids98leej|location_1_w81ntvasn3|description_2_ycl5sozya5|
ADD_RESOURCEACCESS|/Application|name_0_uhey28nhhi|location_1_xtrzdnghax|description_2_grerfwc63k|
ADD_RESOURCEACCESS|/Application|name_0_n9op308bho|location_1_sxbk1e3h11|description_2_lnaz5zc9z5|
ADD_RESOURCEACCESS|/Application|name_0_gan8lkpoob|location_1_b7v1evdhud|description_2_3ammxmkf26|
ADD_RESOURCEACCESS|/Application|name_0_g2uz3xsgu5|location_1_23i4lhgohi|description_2_ftvhue4u3i|
ADD_RESOURCEACCESS|/Application|name_0_k73qbq9pxn|location_1_97aq0mxzia|description_2_9d1sa4u89p|
ADD_RESOURCEACCESS|/Application|name_0_t51epuxjnx|location_1_hcortl1cmm|description_2_vdzn1uxubu|
ADD_RESOURCEACCESS|/Application|name_0_2jvtmvwwzu|location_1_vc57q3db0f|description_2_wm9oaunpoe|
ADD_RESOURCEACCESS|/Application|name_0_zpmyx7sthp|location_1_cn0qi5852q|description_2_hhzusrwmyo|
ADD_RESOURCEACCESS|/Application|name_0_2hxqfqlhb3|location_1_rmqd5ae1jy|description_2_ky2l9rfucg|
ADD_RESOURCEACCESS|/Application|name_0_hoxbmiy5n|location_1_g26b53mbjm|description_2_tyuph6uj87|
ADD_RESOURCEACCESS|/Application|name_0_duiyy8qypo|location_1_fwb7o51ozy|description_2_w3xmsptv9z|
ADD_RESOURCEACCESS|/Application|name_0_wljqh7r2hf|location_1_kg5bc68e5w|description_2_yu4vl4j4g3|
ADD_RESOURCEACCESS|/Application|name_0_79em4vowrc|location_1_shwov6cxvl|description_2_11axdq67vg|
ADD_RESOURCEACCESS|/Application|name_0_ekub8iiycm|location_1_1543b44tvk|description_2_widd04d6si|
ADD_RESOURCEACCESS|/Application|name_0_d1720v86dt|location_1_pzu985m5o6|description_2_zexw70cr1x|
ADD_RESOURCEACCESS|/Application|name_0_pqah28k9ef|location_1_n8tcshapfe|description_2_4n0c4j8rmz|
ADD_RESOURCEACCESS|/Application|name_0_t6o0vre1fg|location_1_klntddoro0|description_2_a2n0br0nea|
ADD_RESOURCEACCESS|/Application|name_0_i1anhqtk5o|location_1_nbps3i81it|description_2_laeu7atq3x|
ADD_RESOURCEACCESS|/Application|name_0_arju7uu5ei|location_1_oz9ug9keco|description_2_8vx8oi2au9|
ADD_RESOURCEACCESS|/Application|name_0_wv7ovgurzi|location_1_nwkivtrzt|description_2_fcxdc96t6p|
ADD_RESOURCEACCESS|/Application|name_0_c20xy8sh7g|location_1_wrvv1r73f7|description_2_3pyj5ojtgh|
ADD_RESOURCEACCESS|/Application|name_0_dkf7slqqxx|location_1_tylm6rl1c5|description_2_n847f6uo7w|
ADD_RESOURCEACCESS|/Application|name_0_oz2g1guwt1|location_1_ob5kx1in2j|description_2_ode518z0h0|
ADD_RESOURCEACCESS|/Application|name_0_jdpozxzhph|location_1_lm9xl0kooc|description_2_eld0ldorjn|
ADD_RESOURCEACCESS|/Application|name_0_mu332vmtt|location_1_h9805omfrw|description_2_jer6vtxpio|
ADD_RESOURCEACCESS|/Application|name_0_9x5eav4su0|location_1_uj3jtgua9p|description_2_lpf7m0i5bf|
ADD_RESOURCEACCESS|/Application|name_0_gztmsft858|location_1_mtgj0zkznc|description_2_5ekxacpp3z|
ADD_RESOURCEACCESS|/Application|name_0_4llm7rtjvb|location_1_xlq8fa3eny|description_2_hy7va27dpf|
ADD_RESOURCEACCESS|/Application|name_0_31tms7f6ro|location_1_o8jsrcb8ur|description_2_379zulz4x6|
ADD_RESOURCEACCESS|/Application|name_0_ev56a5wkj7|location_1_1rjbx513a|description_2_g86jzbihi2|
ADD_RESOURCEACCESS|/Application|name_0_9y9mx6kfaa|location_1_ieq3nthvwv|description_2_eh92z1cqcm|
